Frequency,Age,Conductivity_Mean,RelativePermittivity_Mean,Label,Orientation_Transverse,Disease_ActRIIB,Disease_MDX,Disease_PBS,Disease_SMA
9000,16,0.073405506,52598.30306,0,FALSE,FALSE,FALSE,FALSE,FALSE
9000,16,0.070092659,47912.09389,0,TRUE,FALSE,FALSE,FALSE,FALSE
9000,18,0.074148231,54680.44144,0,FALSE,FALSE,FALSE,FALSE,FALSE
9000,18,0.064951078,42255.4072,0,TRUE,FALSE,FALSE,FALSE,FALSE
9000,8,0.150579887,98492.36777,0,FALSE,FALSE,FALSE,FALSE,FALSE
9000,8,0.068590657,54580.81146,0,TRUE,FALSE,FALSE,FALSE,FALSE
9000,10,0.304253364,99533.409,0,FALSE,FALSE,TRUE,FALSE,FALSE
9000,10,0.203614507,71169.98244,0,TRUE,FALSE,TRUE,FALSE,FALSE
9000,13,0.342451747,109453.7916,0,FALSE,FALSE,TRUE,FALSE,FALSE
9000,13,0.259660845,93100.79215,0,TRUE,FALSE,TRUE,FALSE,FALSE
9000,43,0.147658061,38482.16393,0,FALSE,FALSE,TRUE,FALSE,FALSE
9000,43,0.087248553,31530.34783,0,TRUE,FALSE,TRUE,FALSE,FALSE
9000,6,0.303636,83909.91032,0,FALSE,FALSE,TRUE,FALSE,FALSE
9000,6,0.200502869,61558.99664,0,TRUE,FALSE,TRUE,FALSE,FALSE
9000,40,0.132680995,43296.31834,0,FALSE,FALSE,FALSE,FALSE,TRUE
9000,40,0.042329534,22145.80203,0,TRUE,FALSE,FALSE,FALSE,TRUE
11000,16,0.076094154,48124.15515,0,FALSE,FALSE,FALSE,FALSE,FALSE
11000,16,0.072392249,43873.18762,0,TRUE,FALSE,FALSE,FALSE,FALSE
11000,18,0.077018943,50617.15949,0,FALSE,FALSE,FALSE,FALSE,FALSE
11000,18,0.067005241,38855.53311,0,TRUE,FALSE,FALSE,FALSE,FALSE
11000,8,0.155957872,89633.23419,0,FALSE,FALSE,FALSE,FALSE,FALSE
11000,8,0.07108593,50560.39981,0,TRUE,FALSE,FALSE,FALSE,FALSE
11000,10,0.310188266,86558.40407,0,FALSE,FALSE,TRUE,FALSE,FALSE
11000,10,0.207357923,63095.49766,0,TRUE,FALSE,TRUE,FALSE,FALSE
11000,13,0.348998468,95465.79474,0,FALSE,FALSE,TRUE,FALSE,FALSE
11000,13,0.264776513,82793.4283,0,TRUE,FALSE,TRUE,FALSE,FALSE
11000,43,0.149864298,32336.23489,0,FALSE,FALSE,TRUE,FALSE,FALSE
11000,43,0.088967826,27736.73541,0,TRUE,FALSE,TRUE,FALSE,FALSE
11000,6,0.308681997,73853.98073,0,FALSE,FALSE,TRUE,FALSE,FALSE
11000,6,0.203773712,55079.82446,0,TRUE,FALSE,TRUE,FALSE,FALSE
11000,40,0.135296344,37685.27249,0,FALSE,FALSE,FALSE,FALSE,TRUE
11000,40,0.043485411,20340.15899,0,TRUE,FALSE,FALSE,FALSE,TRUE
13000,16,0.078565475,44732.93415,0,FALSE,FALSE,FALSE,FALSE,FALSE
13000,16,0.074457413,40770.18793,0,TRUE,FALSE,FALSE,FALSE,FALSE
13000,18,0.079676785,47452.61885,0,FALSE,FALSE,FALSE,FALSE,FALSE
13000,18,0.068898973,36312.16302,0,TRUE,FALSE,FALSE,FALSE,FALSE
13000,8,0.160951984,82609.45375,0,FALSE,FALSE,FALSE,FALSE,FALSE
13000,8,0.073463077,47549.51309,0,TRUE,FALSE,FALSE,FALSE,FALSE
13000,10,0.315516587,77149.71169,0,FALSE,FALSE,TRUE,FALSE,FALSE
13000,10,0.210770256,57299.02113,0,TRUE,FALSE,TRUE,FALSE,FALSE
13000,13,0.354862125,85399.73544,0,FALSE,FALSE,TRUE,FALSE,FALSE
13000,13,0.269465805,75231.61708,0,TRUE,FALSE,TRUE,FALSE,FALSE
13000,43,0.151674499,28203.43148,0,FALSE,FALSE,TRUE,FALSE,FALSE
13000,43,0.090372268,25093.30456,0,TRUE,FALSE,TRUE,FALSE,FALSE
13000,6,0.312674189,66672.73634,0,FALSE,FALSE,TRUE,FALSE,FALSE
13000,6,0.20674136,50211.63331,0,TRUE,FALSE,TRUE,FALSE,FALSE
13000,40,0.137740634,33776.76549,0,FALSE,FALSE,FALSE,FALSE,TRUE
13000,40,0.044471054,18601.19478,0,TRUE,FALSE,FALSE,FALSE,TRUE
15000,16,0.080818553,42027.57103,0,FALSE,FALSE,FALSE,FALSE,FALSE
15000,16,0.076560338,38281.67864,0,TRUE,FALSE,FALSE,FALSE,FALSE
15000,18,0.082014145,44825.88849,0,FALSE,FALSE,FALSE,FALSE,FALSE
15000,18,0.0706843,34258.93756,0,TRUE,FALSE,FALSE,FALSE,FALSE
15000,8,0.165868837,76870.93405,0,FALSE,FALSE,FALSE,FALSE,FALSE
15000,8,0.075710277,45123.37705,0,TRUE,FALSE,FALSE,FALSE,FALSE
15000,10,0.320296262,69935.47482,0,FALSE,FALSE,TRUE,FALSE,FALSE
15000,10,0.214051148,52803.47859,0,TRUE,FALSE,TRUE,FALSE,FALSE
15000,13,0.360296765,77386.99107,0,FALSE,FALSE,TRUE,FALSE,FALSE
15000,13,0.27377777,69249.04321,0,TRUE,FALSE,TRUE,FALSE,FALSE
15000,43,0.1534172,25168.61722,0,FALSE,FALSE,TRUE,FALSE,FALSE
15000,43,0.091705176,23134.70731,0,TRUE,FALSE,TRUE,FALSE,FALSE
15000,6,0.316553836,60831.58459,0,FALSE,FALSE,TRUE,FALSE,FALSE
15000,6,0.209476707,46505.94571,0,TRUE,FALSE,TRUE,FALSE,FALSE
15000,40,0.139858227,30776.98505,0,FALSE,FALSE,FALSE,FALSE,TRUE
15000,40,0.045389348,17469.27103,0,TRUE,FALSE,FALSE,FALSE,TRUE
18000,16,0.084180696,38636.59771,0,FALSE,FALSE,FALSE,FALSE,FALSE
18000,16,0.079428533,35295.68825,0,TRUE,FALSE,FALSE,FALSE,FALSE
18000,18,0.085517002,41579.20128,0,FALSE,FALSE,FALSE,FALSE,FALSE
18000,18,0.073223408,31617.36066,0,TRUE,FALSE,FALSE,FALSE,FALSE
18000,8,0.172658454,69893.09455,0,FALSE,FALSE,FALSE,FALSE,FALSE
18000,8,0.078942376,42168.50895,0,TRUE,FALSE,FALSE,FALSE,FALSE
18000,10,0.326841176,61806.44198,0,FALSE,FALSE,TRUE,FALSE,FALSE
18000,10,0.21837033,47719.38762,0,TRUE,FALSE,TRUE,FALSE,FALSE
18000,13,0.367548419,68524.52424,0,FALSE,FALSE,TRUE,FALSE,FALSE
18000,13,0.279719272,62544.25726,0,TRUE,FALSE,TRUE,FALSE,FALSE
18000,43,0.155598189,21750.95925,0,FALSE,FALSE,TRUE,FALSE,FALSE
18000,43,0.093568189,20894.12606,0,TRUE,FALSE,TRUE,FALSE,FALSE
18000,6,0.321903576,53940.43413,0,FALSE,FALSE,TRUE,FALSE,FALSE
18000,6,0.213184348,42232.15698,0,TRUE,FALSE,TRUE,FALSE,FALSE
18000,40,0.142863757,27127.49993,0,FALSE,FALSE,FALSE,FALSE,TRUE
18000,40,0.046764637,16190.5081,0,TRUE,FALSE,FALSE,FALSE,TRUE
22000,16,0.088294402,35365.09896,0,FALSE,FALSE,FALSE,FALSE,FALSE
22000,16,0.083035876,32427.38143,0,TRUE,FALSE,FALSE,FALSE,FALSE
22000,18,0.089703782,38344.12354,0,FALSE,FALSE,FALSE,FALSE,FALSE
22000,18,0.076467051,28989.4388,0,TRUE,FALSE,FALSE,FALSE,FALSE
22000,8,0.18071864,63033.80803,0,FALSE,FALSE,FALSE,FALSE,FALSE
22000,8,0.083151945,39182.47887,0,TRUE,FALSE,FALSE,FALSE,FALSE
22000,10,0.334520969,53897.12613,0,FALSE,FALSE,TRUE,FALSE,FALSE
22000,10,0.223802821,42730.1561,0,TRUE,FALSE,TRUE,FALSE,FALSE
22000,13,0.376360703,59830.36797,0,FALSE,FALSE,TRUE,FALSE,FALSE
22000,13,0.286960132,55762.87831,0,TRUE,FALSE,TRUE,FALSE,FALSE
22000,43,0.158170004,18626.03572,0,FALSE,FALSE,TRUE,FALSE,FALSE
22000,43,0.095927488,18692.00304,0,TRUE,FALSE,TRUE,FALSE,FALSE
22000,6,0.328717917,47032.08874,0,FALSE,FALSE,TRUE,FALSE,FALSE
22000,6,0.217906332,38036.53435,0,TRUE,FALSE,TRUE,FALSE,FALSE
22000,40,0.146287173,23620.78778,0,FALSE,FALSE,FALSE,FALSE,TRUE
22000,40,0.04844935,14802.62989,0,TRUE,FALSE,FALSE,FALSE,TRUE
26000,16,0.092095082,32742.87651,0,FALSE,FALSE,FALSE,FALSE,FALSE
26000,16,0.086578867,30257.7296,0,TRUE,FALSE,FALSE,FALSE,FALSE
26000,18,0.093855165,35730.12717,0,FALSE,FALSE,FALSE,FALSE,FALSE
26000,18,0.079497936,27139.35286,0,TRUE,FALSE,FALSE,FALSE,FALSE
26000,8,0.188345334,57526.20559,0,FALSE,FALSE,FALSE,FALSE,FALSE
26000,8,0.087140563,36608.07784,0,TRUE,FALSE,FALSE,FALSE,FALSE
26000,10,0.341564003,48148.94582,0,FALSE,FALSE,TRUE,FALSE,FALSE
26000,10,0.228861558,38904.08624,0,TRUE,FALSE,TRUE,FALSE,FALSE
26000,13,0.384190486,53408.51299,0,FALSE,FALSE,TRUE,FALSE,FALSE
26000,13,0.293706314,50667.96233,0,TRUE,FALSE,TRUE,FALSE,FALSE
26000,43,0.160432694,16423.27082,0,FALSE,FALSE,TRUE,FALSE,FALSE
26000,43,0.098011564,17135.18445,0,TRUE,FALSE,TRUE,FALSE,FALSE
26000,6,0.334916157,41753.44961,0,FALSE,FALSE,TRUE,FALSE,FALSE
26000,6,0.222207317,34814.0893,0,TRUE,FALSE,TRUE,FALSE,FALSE
26000,40,0.149299522,21034.42764,0,FALSE,FALSE,FALSE,FALSE,TRUE
26000,40,0.050045571,13729.60715,0,TRUE,FALSE,FALSE,FALSE,TRUE
31000,16,0.096762759,30212.85506,0,FALSE,FALSE,FALSE,FALSE,FALSE
31000,16,0.090983001,27932.86131,0,TRUE,FALSE,FALSE,FALSE,FALSE
31000,18,0.098224107,33242.19824,0,FALSE,FALSE,FALSE,FALSE,FALSE
31000,18,0.082866909,25127.86095,0,TRUE,FALSE,FALSE,FALSE,FALSE
31000,8,0.197033946,52351.2722,0,FALSE,FALSE,FALSE,FALSE,FALSE
31000,8,0.092165863,34139.39164,0,TRUE,FALSE,FALSE,FALSE,FALSE
31000,10,0.349368983,42628.11639,0,FALSE,FALSE,TRUE,FALSE,FALSE
31000,10,0.23473567,35356.24667,0,TRUE,FALSE,TRUE,FALSE,FALSE
31000,13,0.393122946,47260.94303,0,FALSE,FALSE,TRUE,FALSE,FALSE
31000,13,0.301574513,45805.53577,0,TRUE,FALSE,TRUE,FALSE,FALSE
31000,43,0.162885625,14353.66463,0,FALSE,FALSE,TRUE,FALSE,FALSE
31000,43,0.100588943,15508.66655,0,TRUE,FALSE,TRUE,FALSE,FALSE
31000,6,0.341776886,36778.62739,0,FALSE,FALSE,TRUE,FALSE,FALSE
31000,6,0.227279993,31747.9538,0,TRUE,FALSE,TRUE,FALSE,FALSE
31000,40,0.152881663,18557.60846,0,FALSE,FALSE,FALSE,FALSE,TRUE
31000,40,0.05209562,12651.5575,0,TRUE,FALSE,FALSE,FALSE,TRUE
37000,16,0.102025071,27816.80118,0,FALSE,FALSE,FALSE,FALSE,FALSE
37000,16,0.095853693,25806.21096,0,TRUE,FALSE,FALSE,FALSE,FALSE
37000,18,0.103274334,30576.86368,0,FALSE,FALSE,FALSE,FALSE,FALSE
37000,18,0.086876676,23205.55256,0,TRUE,FALSE,FALSE,FALSE,FALSE
37000,8,0.206674157,47523.72442,0,FALSE,FALSE,FALSE,FALSE,FALSE
37000,8,0.097658562,31787.52536,0,TRUE,FALSE,FALSE,FALSE,FALSE
37000,10,0.357908093,37632.59881,0,FALSE,FALSE,TRUE,FALSE,FALSE
37000,10,0.241328849,31911.25253,0,TRUE,FALSE,TRUE,FALSE,FALSE
37000,13,0.402641007,41687.89625,0,FALSE,FALSE,TRUE,FALSE,FALSE
37000,13,0.310058721,41318.37689,0,TRUE,FALSE,TRUE,FALSE,FALSE
37000,43,0.165613471,12557.31322,0,FALSE,FALSE,TRUE,FALSE,FALSE
37000,43,0.103357343,14016.13004,0,TRUE,FALSE,TRUE,FALSE,FALSE
37000,6,0.349169315,32272.18035,0,FALSE,FALSE,TRUE,FALSE,FALSE
37000,6,0.232873254,28894.3089,0,TRUE,FALSE,TRUE,FALSE,FALSE
37000,40,0.156483721,16427.47929,0,FALSE,FALSE,FALSE,FALSE,TRUE
37000,40,0.05434918,11633.15561,0,TRUE,FALSE,FALSE,FALSE,TRUE
44000,16,0.107848462,25564.3278,0,FALSE,FALSE,FALSE,FALSE,FALSE
44000,16,0.100916963,24000.2799,0,TRUE,FALSE,FALSE,FALSE,FALSE
44000,18,0.109085667,28348.57786,0,FALSE,FALSE,FALSE,FALSE,FALSE
44000,18,0.09131602,21527.91517,0,TRUE,FALSE,FALSE,FALSE,FALSE
44000,8,0.216970061,43087.41765,0,FALSE,FALSE,FALSE,FALSE,FALSE
44000,8,0.104167089,29570.52921,0,TRUE,FALSE,FALSE,FALSE,FALSE
44000,10,0.367002418,33261.59923,0,FALSE,FALSE,TRUE,FALSE,FALSE
44000,10,0.248383828,28896.2467,0,TRUE,FALSE,TRUE,FALSE,FALSE
44000,13,0.412745976,36875.5039,0,FALSE,FALSE,TRUE,FALSE,FALSE
44000,13,0.319397111,37232.40698,0,TRUE,FALSE,TRUE,FALSE,FALSE
44000,43,0.168310088,11078.28247,0,FALSE,FALSE,TRUE,FALSE,FALSE
44000,43,0.106517212,12741.00006,0,TRUE,FALSE,TRUE,FALSE,FALSE
44000,6,0.356702406,28353.0795,0,FALSE,FALSE,TRUE,FALSE,FALSE
44000,6,0.238946132,26327.21034,0,TRUE,FALSE,TRUE,FALSE,FALSE
44000,40,0.160364686,14393.17056,0,FALSE,FALSE,FALSE,FALSE,TRUE
44000,40,0.056753458,10717.97926,0,TRUE,FALSE,FALSE,FALSE,TRUE
50000,16,0.112392396,24014.3353,0,FALSE,FALSE,FALSE,FALSE,FALSE
50000,16,0.105011554,22632.11406,0,TRUE,FALSE,FALSE,FALSE,FALSE
50000,18,0.113572962,26750.72972,0,FALSE,FALSE,FALSE,FALSE,FALSE
50000,18,0.09475393,20325.97066,0,TRUE,FALSE,FALSE,FALSE,FALSE
50000,8,0.225574497,40078.69616,0,FALSE,FALSE,FALSE,FALSE,FALSE
50000,8,0.109354766,27892.34842,0,TRUE,FALSE,FALSE,FALSE,FALSE
50000,10,0.374069774,30426.3891,0,FALSE,FALSE,TRUE,FALSE,FALSE
50000,10,0.254059114,26792.68793,0,TRUE,FALSE,TRUE,FALSE,FALSE
50000,13,0.420626136,33529.83351,0,FALSE,FALSE,TRUE,FALSE,FALSE
50000,13,0.32680345,34396.83521,0,TRUE,FALSE,TRUE,FALSE,FALSE
50000,43,0.170574967,10051.63228,0,FALSE,FALSE,TRUE,FALSE,FALSE
50000,43,0.109013302,11848.47479,0,TRUE,FALSE,TRUE,FALSE,FALSE
50000,6,0.362539216,25737.63775,0,FALSE,FALSE,TRUE,FALSE,FALSE
50000,6,0.244080853,24542.73275,0,TRUE,FALSE,TRUE,FALSE,FALSE
50000,40,0.163248212,13055.21956,0,FALSE,FALSE,FALSE,FALSE,TRUE
50000,40,0.058759209,10038.02529,0,TRUE,FALSE,FALSE,FALSE,TRUE
62000,16,0.121260958,21442.95417,0,FALSE,FALSE,FALSE,FALSE,FALSE
62000,16,0.112617008,20356.95865,0,TRUE,FALSE,FALSE,FALSE,FALSE
62000,18,0.125598883,25031.12484,0,FALSE,FALSE,FALSE,FALSE,FALSE
62000,18,0.112898821,20689.87554,0,TRUE,FALSE,FALSE,FALSE,FALSE
62000,8,0.242875098,35616.72442,0,FALSE,FALSE,FALSE,FALSE,FALSE
62000,8,0.121665511,25764.60265,0,TRUE,FALSE,FALSE,FALSE,FALSE
62000,10,0.386739725,25862.85553,0,FALSE,FALSE,TRUE,FALSE,FALSE
62000,10,0.264689368,23484.19222,0,TRUE,FALSE,TRUE,FALSE,FALSE
62000,13,0.434595497,28588.97171,0,FALSE,FALSE,TRUE,FALSE,FALSE
62000,13,0.340464157,30017.28121,0,TRUE,FALSE,TRUE,FALSE,FALSE
62000,43,0.17436119,8541.807813,0,FALSE,FALSE,TRUE,FALSE,FALSE
62000,43,0.113724242,10394.78505,0,TRUE,FALSE,TRUE,FALSE,FALSE
62000,6,0.372879459,21737.25612,0,FALSE,FALSE,TRUE,FALSE,FALSE
62000,6,0.253419598,21703.8295,0,TRUE,FALSE,TRUE,FALSE,FALSE
62000,40,0.168435499,11019.52657,0,FALSE,FALSE,FALSE,FALSE,TRUE
62000,40,0.06268288,8959.236257,0,TRUE,FALSE,FALSE,FALSE,TRUE
74000,16,0.12969945,19629.57131,0,FALSE,FALSE,FALSE,FALSE,FALSE
74000,16,0.120353157,18929.34212,0,TRUE,FALSE,FALSE,FALSE,FALSE
74000,18,0.129885776,22273.77187,0,FALSE,FALSE,FALSE,FALSE,FALSE
74000,18,0.107661762,16970.15454,0,TRUE,FALSE,FALSE,FALSE,FALSE
74000,8,0.255085602,31764.39417,0,FALSE,FALSE,FALSE,FALSE,FALSE
74000,8,0.128574354,23250.51651,0,TRUE,FALSE,FALSE,FALSE,FALSE
74000,10,0.397878891,22486.12985,0,FALSE,FALSE,TRUE,FALSE,FALSE
74000,10,0.274374199,20950.80421,0,TRUE,FALSE,TRUE,FALSE,FALSE
74000,13,0.44669905,24916.88036,0,FALSE,FALSE,TRUE,FALSE,FALSE
74000,13,0.352809707,26708.18641,0,TRUE,FALSE,TRUE,FALSE,FALSE
74000,43,0.17777812,7475.353317,0,FALSE,FALSE,TRUE,FALSE,FALSE
74000,43,0.117954714,9291.72973,0,TRUE,FALSE,TRUE,FALSE,FALSE
74000,6,0.381612982,18885.2057,0,FALSE,FALSE,TRUE,FALSE,FALSE
74000,6,0.261987086,19555.75543,0,TRUE,FALSE,TRUE,FALSE,FALSE
74000,40,0.172772883,9592.276843,0,FALSE,FALSE,FALSE,FALSE,TRUE
74000,40,0.066375332,8075.280757,0,TRUE,FALSE,FALSE,FALSE,TRUE
89000,16,0.13953501,17664.26886,0,FALSE,FALSE,FALSE,FALSE,FALSE
89000,16,0.12937155,17280.80074,0,TRUE,FALSE,FALSE,FALSE,FALSE
89000,18,0.138839843,20359.41748,0,FALSE,FALSE,FALSE,FALSE,FALSE
89000,18,0.114908384,15511.16177,0,TRUE,FALSE,FALSE,FALSE,FALSE
89000,8,0.271213856,28274.68225,0,FALSE,FALSE,FALSE,FALSE,FALSE
89000,8,0.139678618,21164.33398,0,TRUE,FALSE,FALSE,FALSE,FALSE
89000,10,0.410011181,19333.67951,0,FALSE,FALSE,TRUE,FALSE,FALSE
89000,10,0.285232711,18499.94821,0,TRUE,FALSE,TRUE,FALSE,FALSE
89000,13,0.460218314,21499.21712,0,FALSE,FALSE,TRUE,FALSE,FALSE
89000,13,0.366711098,23504.1035,0,TRUE,FALSE,TRUE,FALSE,FALSE
89000,43,0.181503167,6471.477621,0,FALSE,FALSE,TRUE,FALSE,FALSE
89000,43,0.12288962,8216.539957,0,TRUE,FALSE,TRUE,FALSE,FALSE
89000,6,0.390975975,16245.23069,0,FALSE,FALSE,TRUE,FALSE,FALSE
89000,6,0.271799451,17450.79915,0,TRUE,FALSE,TRUE,FALSE,FALSE
89000,40,0.177477037,8254.151757,0,FALSE,FALSE,FALSE,FALSE,TRUE
89000,40,0.07048828,7247.393766,0,TRUE,FALSE,FALSE,FALSE,TRUE
105000,16,0.149305786,16037.74757,0,FALSE,FALSE,FALSE,FALSE,FALSE
105000,16,0.138545056,15892.06753,0,TRUE,FALSE,FALSE,FALSE,FALSE
105000,18,0.148003985,18726.0099,0,FALSE,FALSE,FALSE,FALSE,FALSE
105000,18,0.12196595,14284.40234,0,TRUE,FALSE,FALSE,FALSE,FALSE
105000,8,0.286960105,25390.27558,0,FALSE,FALSE,FALSE,FALSE,FALSE
105000,8,0.150702016,19414.29957,0,TRUE,FALSE,FALSE,FALSE,FALSE
105000,10,0.421397379,16815.36181,0,FALSE,FALSE,TRUE,FALSE,FALSE
105000,10,0.295775801,16472.17358,0,TRUE,FALSE,TRUE,FALSE,FALSE
105000,13,0.472630644,18747.8508,0,FALSE,FALSE,TRUE,FALSE,FALSE
105000,13,0.380011165,20863.10558,0,TRUE,FALSE,TRUE,FALSE,FALSE
105000,43,0.184901313,5690.903316,0,FALSE,FALSE,TRUE,FALSE,FALSE
105000,43,0.127598834,7327.943667,0,TRUE,FALSE,TRUE,FALSE,FALSE
105000,6,0.399648905,14161.55009,0,FALSE,FALSE,TRUE,FALSE,FALSE
105000,6,0.281386004,15675.04444,0,TRUE,FALSE,TRUE,FALSE,FALSE
105000,40,0.181640752,7198.27566,0,FALSE,FALSE,FALSE,FALSE,TRUE
105000,40,0.074559578,6534.361612,0,TRUE,FALSE,FALSE,FALSE,TRUE
126000,16,0.161062112,14326.68043,0,FALSE,FALSE,FALSE,FALSE,FALSE
126000,16,0.149781067,14402.57701,0,TRUE,FALSE,FALSE,FALSE,FALSE
126000,18,0.159313594,17038.97541,0,FALSE,FALSE,FALSE,FALSE,FALSE
126000,18,0.130913765,13039.48891,0,TRUE,FALSE,FALSE,FALSE,FALSE
126000,8,0.306087865,22442.7592,0,FALSE,FALSE,FALSE,FALSE,FALSE
126000,8,0.164367891,17546.31631,0,TRUE,FALSE,FALSE,FALSE,FALSE
126000,10,0.434118257,14308.98552,0,FALSE,FALSE,TRUE,FALSE,FALSE
126000,10,0.30808236,14404.4326,0,TRUE,FALSE,TRUE,FALSE,FALSE
126000,13,0.48670427,16056.29163,0,FALSE,FALSE,TRUE,FALSE,FALSE
126000,13,0.395447087,18197.52433,0,TRUE,FALSE,TRUE,FALSE,FALSE
126000,43,0.188954173,4910.646435,0,FALSE,FALSE,TRUE,FALSE,FALSE
126000,43,0.133108281,6411.537442,0,TRUE,FALSE,TRUE,FALSE,FALSE
126000,6,0.409375757,12160.25131,0,FALSE,FALSE,TRUE,FALSE,FALSE
126000,6,0.292939182,13875.01124,0,TRUE,FALSE,TRUE,FALSE,FALSE
126000,40,0.18614737,6203.071255,0,FALSE,FALSE,FALSE,FALSE,TRUE
126000,40,0.079445904,5785.7618,0,TRUE,FALSE,FALSE,FALSE,TRUE
150000,16,0.173558575,12756.38542,0,FALSE,FALSE,FALSE,FALSE,FALSE
150000,16,0.162301215,13034.98785,0,TRUE,FALSE,FALSE,FALSE,FALSE
150000,18,0.170726613,15458.0782,0,FALSE,FALSE,FALSE,FALSE,FALSE
150000,18,0.139778291,11855.43734,0,TRUE,FALSE,FALSE,FALSE,FALSE
150000,8,0.325970427,19846.35539,0,FALSE,FALSE,FALSE,FALSE,FALSE
150000,8,0.179122703,15863.0285,0,TRUE,FALSE,FALSE,FALSE,FALSE
150000,10,0.446527601,12191.90288,0,FALSE,FALSE,TRUE,FALSE,FALSE
150000,10,0.320491304,12592.76806,0,TRUE,FALSE,TRUE,FALSE,FALSE
150000,13,0.500420977,13777.93185,0,FALSE,FALSE,TRUE,FALSE,FALSE
150000,13,0.410984163,15873.18542,0,TRUE,FALSE,TRUE,FALSE,FALSE
150000,43,0.192834002,4263.99563,0,FALSE,FALSE,TRUE,FALSE,FALSE
150000,43,0.1387278,5598.114344,0,TRUE,FALSE,TRUE,FALSE,FALSE
150000,6,0.41870694,10492.29824,0,FALSE,FALSE,TRUE,FALSE,FALSE
150000,6,0.304717056,12272.64783,0,TRUE,FALSE,TRUE,FALSE,FALSE
150000,40,0.190494251,5373.257768,0,FALSE,FALSE,FALSE,FALSE,TRUE
150000,40,0.084357094,5122.325254,0,TRUE,FALSE,FALSE,FALSE,TRUE
178000,16,0.186684661,11300.04145,0,FALSE,FALSE,FALSE,FALSE,FALSE
178000,16,0.175957906,11722.54577,0,TRUE,FALSE,FALSE,FALSE,FALSE
178000,18,0.183235685,14053.69183,0,FALSE,FALSE,FALSE,FALSE,FALSE
178000,18,0.149336313,10787.61869,0,TRUE,FALSE,FALSE,FALSE,FALSE
178000,8,0.347436341,17468.38058,0,FALSE,FALSE,FALSE,FALSE,FALSE
178000,8,0.195222907,14270.73575,0,TRUE,FALSE,FALSE,FALSE,FALSE
178000,10,0.458535856,10350.85256,0,FALSE,FALSE,TRUE,FALSE,FALSE
178000,10,0.333131719,10983.98525,0,TRUE,FALSE,TRUE,FALSE,FALSE
178000,13,0.513944113,11817.22788,0,FALSE,FALSE,TRUE,FALSE,FALSE
178000,13,0.42665309,13808.10676,0,TRUE,FALSE,TRUE,FALSE,FALSE
178000,43,0.196781131,3698.951526,0,FALSE,FALSE,TRUE,FALSE,FALSE
178000,43,0.14449371,4866.632613,0,TRUE,FALSE,TRUE,FALSE,FALSE
178000,6,0.427996516,9078.661638,0,FALSE,FALSE,TRUE,FALSE,FALSE
178000,6,0.316885452,10823.18353,0,TRUE,FALSE,TRUE,FALSE,FALSE
178000,40,0.194670177,4678.960968,0,FALSE,FALSE,FALSE,FALSE,TRUE
178000,40,0.089457169,4498.650312,0,TRUE,FALSE,FALSE,FALSE,TRUE
212000,16,0.200938197,9900.587919,0,FALSE,FALSE,FALSE,FALSE,FALSE
212000,16,0.191433661,10426.21425,0,TRUE,FALSE,FALSE,FALSE,FALSE
212000,18,0.196779162,12695.68906,0,FALSE,FALSE,FALSE,FALSE,FALSE
212000,18,0.1597169,9774.420248,0,TRUE,FALSE,FALSE,FALSE,FALSE
212000,8,0.370930516,15205.14446,0,FALSE,FALSE,FALSE,FALSE,FALSE
212000,8,0.213511937,12724.27075,0,TRUE,FALSE,FALSE,FALSE,FALSE
212000,10,0.470758437,8734.318497,0,FALSE,FALSE,TRUE,FALSE,FALSE
212000,10,0.346419845,9494.069456,0,TRUE,FALSE,TRUE,FALSE,FALSE
212000,13,0.52779191,10074.64983,0,FALSE,FALSE,TRUE,FALSE,FALSE
212000,13,0.442953418,11923.81063,0,TRUE,FALSE,TRUE,FALSE,FALSE
212000,43,0.200896177,3198.955589,0,FALSE,FALSE,TRUE,FALSE,FALSE
212000,43,0.150496873,4200.762067,0,TRUE,FALSE,TRUE,FALSE,FALSE
212000,6,0.437489242,7833.991841,0,FALSE,FALSE,TRUE,FALSE,FALSE
212000,6,0.329858954,9463.42965,0,TRUE,FALSE,TRUE,FALSE,FALSE
212000,40,0.198676228,4083.577528,0,FALSE,FALSE,FALSE,FALSE,TRUE
212000,40,0.094781234,3922.959911,0,TRUE,FALSE,FALSE,FALSE,TRUE
253000,16,0.216033591,8589.786385,0,FALSE,FALSE,FALSE,FALSE,FALSE
253000,16,0.208566391,9156.880658,0,TRUE,FALSE,FALSE,FALSE,FALSE
253000,18,0.211089704,11401.33314,0,FALSE,FALSE,FALSE,FALSE,FALSE
253000,18,0.170449688,8799.426431,0,TRUE,FALSE,FALSE,FALSE,FALSE
253000,8,0.396227878,13070.12384,0,FALSE,FALSE,FALSE,FALSE,FALSE
253000,8,0.233689202,11224.29634,0,TRUE,FALSE,FALSE,FALSE,FALSE
253000,10,0.482713616,7325.046179,0,FALSE,FALSE,TRUE,FALSE,FALSE
253000,10,0.360099328,8148.413539,0,TRUE,FALSE,TRUE,FALSE,FALSE
253000,13,0.541633817,8554.40793,0,FALSE,FALSE,TRUE,FALSE,FALSE
253000,13,0.459662596,10235.20673,0,TRUE,FALSE,TRUE,FALSE,FALSE
253000,43,0.205109648,2747.823516,0,FALSE,FALSE,TRUE,FALSE,FALSE
253000,43,0.156664374,3591.803478,0,TRUE,FALSE,TRUE,FALSE,FALSE
253000,6,0.447155392,6750.068093,0,FALSE,FALSE,TRUE,FALSE,FALSE
253000,6,0.343412323,8218.344702,0,TRUE,FALSE,TRUE,FALSE,FALSE
253000,40,0.202702719,3569.85633,0,FALSE,FALSE,FALSE,FALSE,TRUE
253000,40,0.100480539,3393.622431,0,TRUE,FALSE,FALSE,FALSE,TRUE
302000,16,0.231499557,7386.117936,0,FALSE,FALSE,FALSE,FALSE,FALSE
302000,16,0.226858031,7946.532404,0,TRUE,FALSE,FALSE,FALSE,FALSE
302000,18,0.225942325,10227.43207,0,FALSE,FALSE,FALSE,FALSE,FALSE
302000,18,0.181537538,7914.715513,0,TRUE,FALSE,FALSE,FALSE,FALSE
302000,8,0.422884458,11100.64701,0,FALSE,FALSE,FALSE,FALSE,FALSE
302000,8,0.255278944,9793.900314,0,TRUE,FALSE,FALSE,FALSE,FALSE
302000,10,0.494468722,6139.659591,0,FALSE,FALSE,TRUE,FALSE,FALSE
302000,10,0.373905267,6968.003685,0,TRUE,FALSE,TRUE,FALSE,FALSE
302000,13,0.55526705,7254.821087,0,FALSE,FALSE,TRUE,FALSE,FALSE
302000,13,0.476404278,8768.370342,0,TRUE,FALSE,TRUE,FALSE,FALSE
302000,43,0.209241533,2361.117651,0,FALSE,FALSE,TRUE,FALSE,FALSE
302000,43,0.162773658,3053.763683,0,TRUE,FALSE,TRUE,FALSE,FALSE
302000,6,0.456753363,5828.40454,0,FALSE,FALSE,TRUE,FALSE,FALSE
302000,6,0.357439338,7108.027344,0,TRUE,FALSE,TRUE,FALSE,FALSE
302000,40,0.206487294,3147.436455,0,FALSE,FALSE,FALSE,FALSE,TRUE
302000,40,0.106065493,2922.980538,0,TRUE,FALSE,FALSE,FALSE,TRUE
359000,16,0.24654228,6321.791704,0,FALSE,FALSE,FALSE,FALSE,FALSE
359000,16,0.24543712,6833.521854,0,TRUE,FALSE,FALSE,FALSE,FALSE
359000,18,0.241117962,9218.94819,0,FALSE,FALSE,FALSE,FALSE,FALSE
359000,18,0.192629052,7158.01774,0,TRUE,FALSE,FALSE,FALSE,FALSE
359000,8,0.449355681,9331.608537,0,FALSE,FALSE,FALSE,FALSE,FALSE
359000,8,0.277894794,8477.396618,0,TRUE,FALSE,FALSE,FALSE,FALSE
359000,10,0.505390079,5164.02979,0,FALSE,FALSE,TRUE,FALSE,FALSE
359000,10,0.387295884,5962.824546,0,TRUE,FALSE,TRUE,FALSE,FALSE
359000,13,0.568202453,6187.150174,0,FALSE,FALSE,TRUE,FALSE,FALSE
359000,13,0.492496259,7521.649499,0,TRUE,FALSE,TRUE,FALSE,FALSE
359000,43,0.213209532,2036.742314,0,FALSE,FALSE,TRUE,FALSE,FALSE
359000,43,0.168639045,2600.095119,0,TRUE,FALSE,TRUE,FALSE,FALSE
359000,6,0.466077734,5067.838765,0,FALSE,FALSE,TRUE,FALSE,FALSE
359000,6,0.371245942,6148.195022,0,TRUE,FALSE,TRUE,FALSE,FALSE
359000,40,0.210125704,2814.955968,0,FALSE,FALSE,FALSE,FALSE,TRUE
359000,40,0.111458289,2514.177544,0,TRUE,FALSE,FALSE,FALSE,TRUE
428000,16,0.261339802,5361.643109,0,FALSE,FALSE,FALSE,FALSE,FALSE
428000,16,0.264634535,5784.394518,0,TRUE,FALSE,FALSE,FALSE,FALSE
428000,18,0.256016485,8276.446261,0,FALSE,FALSE,FALSE,FALSE,FALSE
428000,18,0.210387822,6829.568565,0,TRUE,FALSE,FALSE,FALSE,FALSE
428000,8,0.476782126,7708.11192,0,FALSE,FALSE,FALSE,FALSE,FALSE
428000,8,0.30131444,7234.81038,0,TRUE,FALSE,FALSE,FALSE,FALSE
428000,10,0.516163371,4345.072112,0,FALSE,FALSE,TRUE,FALSE,FALSE
428000,10,0.400750619,5081.01276,0,TRUE,FALSE,TRUE,FALSE,FALSE
428000,13,0.581100379,5269.901554,0,FALSE,FALSE,TRUE,FALSE,FALSE
428000,13,0.508648558,6436.970875,0,TRUE,FALSE,TRUE,FALSE,FALSE
428000,43,0.217198124,1754.776249,0,FALSE,FALSE,TRUE,FALSE,FALSE
428000,43,0.174403624,2198.82836,0,TRUE,FALSE,TRUE,FALSE,FALSE
428000,6,0.475524963,4414.742808,0,FALSE,FALSE,TRUE,FALSE,FALSE
428000,6,0.385188364,5291.635791,0,TRUE,FALSE,TRUE,FALSE,FALSE
428000,40,0.213500369,2528.710843,0,FALSE,FALSE,FALSE,FALSE,TRUE
428000,40,0.116812801,2155.93842,0,TRUE,FALSE,FALSE,FALSE,TRUE
510000,16,0.275287556,4531.284588,0,FALSE,FALSE,FALSE,FALSE,FALSE
510000,16,0.283424816,4838.7325,0,TRUE,FALSE,FALSE,FALSE,FALSE
510000,18,0.270521447,7479.663132,0,FALSE,FALSE,FALSE,FALSE,FALSE
510000,18,0.21389374,5865.959036,0,TRUE,FALSE,FALSE,FALSE,FALSE
510000,8,0.502189728,6286.906097,0,FALSE,FALSE,FALSE,FALSE,FALSE
510000,8,0.324710457,6099.921532,0,TRUE,FALSE,FALSE,FALSE,FALSE
510000,10,0.526364158,3667.976599,0,FALSE,FALSE,TRUE,FALSE,FALSE
510000,10,0.413945186,4328.799001,0,TRUE,FALSE,TRUE,FALSE,FALSE
510000,13,0.593714573,4509.755915,0,FALSE,FALSE,TRUE,FALSE,FALSE
510000,13,0.524458523,5521.639561,0,TRUE,FALSE,TRUE,FALSE,FALSE
510000,43,0.221067344,1521.285562,0,FALSE,FALSE,TRUE,FALSE,FALSE
510000,43,0.179965802,1862.165357,0,TRUE,FALSE,TRUE,FALSE,FALSE
510000,6,0.48515815,3871.572032,0,FALSE,FALSE,TRUE,FALSE,FALSE
510000,6,0.399025685,4551.748295,0,TRUE,FALSE,TRUE,FALSE,FALSE
510000,40,0.216805541,2302.764592,0,FALSE,FALSE,FALSE,FALSE,TRUE
510000,40,0.12181117,1850.123851,0,TRUE,FALSE,FALSE,FALSE,TRUE
607000,16,0.287969756,3828.01121,0,FALSE,FALSE,FALSE,FALSE,FALSE
607000,16,0.301583176,4012.06396,0,TRUE,FALSE,FALSE,FALSE,FALSE
607000,18,0.284510602,6844.716937,0,FALSE,FALSE,FALSE,FALSE,FALSE
607000,18,0.223181018,5370.53266,0,TRUE,FALSE,FALSE,FALSE,FALSE
607000,8,0.526021431,5039.076831,0,FALSE,FALSE,FALSE,FALSE,FALSE
607000,8,0.347140212,5090.030201,0,TRUE,FALSE,FALSE,FALSE,FALSE
607000,10,0.536035208,3118.008594,0,FALSE,FALSE,TRUE,FALSE,FALSE
607000,10,0.426879095,3699.60113,0,TRUE,FALSE,TRUE,FALSE,FALSE
607000,13,0.605948527,3887.494192,0,FALSE,FALSE,TRUE,FALSE,FALSE
607000,13,0.539848601,4758.298853,0,TRUE,FALSE,TRUE,FALSE,FALSE
607000,43,0.224792568,1324.333826,0,FALSE,FALSE,TRUE,FALSE,FALSE
607000,43,0.185176349,1581.097715,0,TRUE,FALSE,TRUE,FALSE,FALSE
607000,6,0.494213686,3412.367103,0,FALSE,FALSE,TRUE,FALSE,FALSE
607000,6,0.412436871,3916.278487,0,TRUE,FALSE,TRUE,FALSE,FALSE
607000,40,0.219982232,2120.062413,0,FALSE,FALSE,FALSE,FALSE,TRUE
607000,40,0.126582581,1593.813554,0,TRUE,FALSE,FALSE,FALSE,TRUE
724000,16,0.299323103,3237.98863,0,FALSE,FALSE,FALSE,FALSE,FALSE
724000,16,0.318686915,3290.701875,0,TRUE,FALSE,FALSE,FALSE,FALSE
724000,18,0.297777206,6314.769009,0,FALSE,FALSE,FALSE,FALSE,FALSE
724000,18,0.231467371,4953.331311,0,TRUE,FALSE,FALSE,FALSE,FALSE
724000,8,0.547861152,3980.951442,0,FALSE,FALSE,FALSE,FALSE,FALSE
724000,8,0.368456003,4205.948811,0,TRUE,FALSE,FALSE,FALSE,FALSE
724000,10,0.545713368,2665.507474,0,FALSE,FALSE,TRUE,FALSE,FALSE
724000,10,0.439441291,3164.995665,0,TRUE,FALSE,TRUE,FALSE,FALSE
724000,13,0.618382927,3367.67651,0,FALSE,FALSE,TRUE,FALSE,FALSE
724000,13,0.555242858,4115.193454,0,TRUE,FALSE,TRUE,FALSE,FALSE
724000,43,0.228386418,1162.45403,0,FALSE,FALSE,TRUE,FALSE,FALSE
724000,43,0.190117156,1345.736203,0,TRUE,FALSE,TRUE,FALSE,FALSE
724000,6,0.503759943,3029.954398,0,FALSE,FALSE,TRUE,FALSE,FALSE
724000,6,0.425998383,3382.215484,0,TRUE,FALSE,TRUE,FALSE,FALSE
724000,40,0.223249165,1978.897201,0,FALSE,FALSE,FALSE,FALSE,TRUE
724000,40,0.130867198,1377.690792,0,TRUE,FALSE,FALSE,FALSE,TRUE
862000,16,0.309046915,2762.037168,0,FALSE,FALSE,FALSE,FALSE,FALSE
862000,16,0.334205967,2687.308551,0,TRUE,FALSE,FALSE,FALSE,FALSE
862000,18,0.310423936,5999.765928,0,FALSE,FALSE,FALSE,FALSE,FALSE
862000,18,0.23892127,4663.890217,0,TRUE,FALSE,FALSE,FALSE,FALSE
862000,8,0.566618375,3117.860003,0,FALSE,FALSE,FALSE,FALSE,FALSE
862000,8,0.387638836,3462.020599,0,TRUE,FALSE,FALSE,FALSE,FALSE
862000,10,0.554921561,2301.405698,0,FALSE,FALSE,TRUE,FALSE,FALSE
862000,10,0.451759004,2722.302836,0,TRUE,FALSE,TRUE,FALSE,FALSE
862000,13,0.630856282,2946.329628,0,FALSE,FALSE,TRUE,FALSE,FALSE
862000,13,0.570433761,3588.516299,0,TRUE,FALSE,TRUE,FALSE,FALSE
862000,43,0.231854833,1028.759624,0,FALSE,FALSE,TRUE,FALSE,FALSE
862000,43,0.194764006,1156.249628,0,TRUE,FALSE,TRUE,FALSE,FALSE
862000,6,0.513416244,2713.147516,0,FALSE,FALSE,TRUE,FALSE,FALSE
862000,6,0.439319809,2934.472839,0,TRUE,FALSE,TRUE,FALSE,FALSE
862000,40,0.226511808,1868.593307,0,FALSE,FALSE,FALSE,FALSE,TRUE
862000,40,0.134815463,1205.664591,0,TRUE,FALSE,FALSE,FALSE,TRUE
9000,14,0.230781143,139851.1344,1,FALSE,TRUE,FALSE,FALSE,FALSE
9000,14,0.231180477,131962.7033,1,TRUE,TRUE,FALSE,FALSE,FALSE
9000,13,0.219237896,127833.3204,1,FALSE,FALSE,TRUE,FALSE,FALSE
9000,13,0.202980819,130951.3186,1,TRUE,FALSE,TRUE,FALSE,FALSE
9000,43,0.178451386,119461.2816,1,FALSE,FALSE,TRUE,FALSE,FALSE
9000,43,0.089274736,60175.59592,1,TRUE,FALSE,TRUE,FALSE,FALSE
9000,6,0.209113927,91338.08295,1,FALSE,FALSE,TRUE,FALSE,FALSE
9000,6,0.128559769,55541.17365,1,TRUE,FALSE,TRUE,FALSE,FALSE
9000,14,0.138024928,77594.59623,1,FALSE,FALSE,FALSE,TRUE,FALSE
9000,14,0.121404011,74834.18897,1,TRUE,FALSE,FALSE,TRUE,FALSE
9000,40,0.294863825,157062.8146,1,FALSE,FALSE,FALSE,FALSE,TRUE
9000,40,0.135275686,95003.08472,1,TRUE,FALSE,FALSE,FALSE,TRUE
11000,14,0.237131834,129776.9886,1,FALSE,TRUE,FALSE,FALSE,FALSE
11000,14,0.176737139,122252.3407,1,TRUE,TRUE,FALSE,FALSE,FALSE
11000,13,0.226071927,114745.2755,1,FALSE,FALSE,TRUE,FALSE,FALSE
11000,13,0.18325922,103868.6959,1,TRUE,FALSE,TRUE,FALSE,FALSE
11000,43,0.185880002,106088.4155,1,FALSE,FALSE,TRUE,FALSE,FALSE
11000,43,0.091841676,55513.38101,1,TRUE,FALSE,TRUE,FALSE,FALSE
11000,6,0.214218859,81696.06265,1,FALSE,FALSE,TRUE,FALSE,FALSE
11000,6,0.13101091,50639.80235,1,TRUE,FALSE,TRUE,FALSE,FALSE
11000,14,0.141792033,71987.29335,1,FALSE,FALSE,FALSE,TRUE,FALSE
11000,14,0.124689922,69881.51264,1,TRUE,FALSE,FALSE,TRUE,FALSE
11000,40,0.304566515,137482.2845,1,FALSE,FALSE,FALSE,FALSE,TRUE
11000,40,0.1399659,86273.39034,1,TRUE,FALSE,FALSE,FALSE,TRUE
13000,14,0.243237731,121988.981,1,FALSE,TRUE,FALSE,FALSE,FALSE
13000,14,0.182010227,115104.6921,1,TRUE,TRUE,FALSE,FALSE,FALSE
13000,13,0.23262387,104992.5437,1,FALSE,FALSE,TRUE,FALSE,FALSE
13000,13,0.188883809,96578.30914,1,TRUE,FALSE,TRUE,FALSE,FALSE
13000,43,0.192622526,96051.58282,1,FALSE,FALSE,TRUE,FALSE,FALSE
13000,43,0.094398963,52172.49135,1,TRUE,FALSE,TRUE,FALSE,FALSE
13000,6,0.219009271,74542.92732,1,FALSE,FALSE,TRUE,FALSE,FALSE
13000,6,0.133291229,47249.65009,1,TRUE,FALSE,TRUE,FALSE,FALSE
13000,14,0.145216459,67594.39098,1,FALSE,FALSE,FALSE,TRUE,FALSE
13000,14,0.128256671,66693.10747,1,TRUE,FALSE,FALSE,TRUE,FALSE
13000,40,0.313482827,122959.5219,1,FALSE,FALSE,FALSE,FALSE,TRUE
13000,40,0.144391879,79782.67457,1,TRUE,FALSE,FALSE,FALSE,TRUE
15000,14,0.249046692,115624.2772,1,FALSE,TRUE,FALSE,FALSE,FALSE
15000,14,0.2040517,109332.2519,1,TRUE,TRUE,FALSE,FALSE,FALSE
15000,13,0.23862712,97192.52553,1,FALSE,FALSE,TRUE,FALSE,FALSE
15000,13,0.19444474,90585.25726,1,TRUE,FALSE,TRUE,FALSE,FALSE
15000,43,0.198882883,87870.25673,1,FALSE,FALSE,TRUE,FALSE,FALSE
15000,43,0.0967182,49516.42568,1,TRUE,FALSE,TRUE,FALSE,FALSE
15000,6,0.223380735,68886.67888,1,FALSE,FALSE,TRUE,FALSE,FALSE
15000,6,0.135441125,44504.55221,1,TRUE,FALSE,TRUE,FALSE,FALSE
15000,14,0.14861007,63845.67357,1,FALSE,FALSE,FALSE,TRUE,FALSE
15000,14,0.131795823,63870.21092,1,TRUE,FALSE,FALSE,TRUE,FALSE
15000,40,0.321711917,111586.2238,1,FALSE,FALSE,FALSE,FALSE,TRUE
15000,40,0.148506082,74738.77395,1,TRUE,FALSE,FALSE,FALSE,TRUE
18000,14,0.257604722,108084.5038,1,FALSE,TRUE,FALSE,FALSE,FALSE
18000,14,0.198111822,105548.506,1,TRUE,TRUE,FALSE,FALSE,FALSE
18000,13,0.247121215,88037.70452,1,FALSE,FALSE,TRUE,FALSE,FALSE
18000,13,0.199821258,80576.83244,1,TRUE,FALSE,TRUE,FALSE,FALSE
18000,43,0.207517847,78405.08661,1,FALSE,FALSE,TRUE,FALSE,FALSE
18000,43,0.10025739,46395.01618,1,TRUE,FALSE,TRUE,FALSE,FALSE
18000,6,0.22956264,62190.90467,1,FALSE,FALSE,TRUE,FALSE,FALSE
18000,6,0.138532071,41474.59493,1,TRUE,FALSE,TRUE,FALSE,FALSE
18000,14,0.15346628,59535.95891,1,FALSE,FALSE,FALSE,TRUE,FALSE
18000,14,0.136828398,60626.3857,1,TRUE,FALSE,FALSE,TRUE,FALSE
18000,40,0.33306241,98484.17223,1,FALSE,FALSE,FALSE,FALSE,TRUE
18000,40,0.154487987,68734.84791,1,TRUE,FALSE,FALSE,FALSE,TRUE
22000,14,0.26862644,100235.1802,1,FALSE,TRUE,FALSE,FALSE,FALSE
22000,14,0.208581576,98717.94292,1,TRUE,TRUE,FALSE,FALSE,FALSE
22000,13,0.257489172,78876.61865,1,FALSE,FALSE,TRUE,FALSE,FALSE
22000,13,0.207459398,71650.46877,1,TRUE,FALSE,TRUE,FALSE,FALSE
22000,43,0.218103889,68710.40434,1,FALSE,FALSE,TRUE,FALSE,FALSE
22000,43,0.104942223,43041.1181,1,TRUE,FALSE,TRUE,FALSE,FALSE
22000,6,0.237177104,55398.83095,1,FALSE,FALSE,TRUE,FALSE,FALSE
22000,6,0.142413246,38411.27569,1,TRUE,FALSE,TRUE,FALSE,FALSE
22000,14,0.159633952,54771.65617,1,FALSE,FALSE,FALSE,TRUE,FALSE
22000,14,0.143965944,57546.72433,1,TRUE,FALSE,FALSE,TRUE,FALSE
22000,40,0.346558675,85351.37886,1,FALSE,FALSE,FALSE,FALSE,TRUE
22000,40,0.161843922,62638.24055,1,TRUE,FALSE,FALSE,FALSE,TRUE
26000,14,0.279126817,94014.99352,1,FALSE,TRUE,FALSE,FALSE,FALSE
26000,14,0.216375341,92495.17559,1,TRUE,TRUE,FALSE,FALSE,FALSE
26000,13,0.267169755,71831.84176,1,FALSE,FALSE,TRUE,FALSE,FALSE
26000,13,0.216848949,66465.48777,1,TRUE,FALSE,TRUE,FALSE,FALSE
26000,43,0.227608398,61301.35738,1,FALSE,FALSE,TRUE,FALSE,FALSE
26000,43,0.10945595,40436.52922,1,TRUE,FALSE,TRUE,FALSE,FALSE
26000,6,0.244211114,50184.00129,1,FALSE,FALSE,TRUE,FALSE,FALSE
26000,6,0.146254794,36061.92642,1,TRUE,FALSE,TRUE,FALSE,FALSE
26000,14,0.165462648,51179.97865,1,FALSE,FALSE,FALSE,TRUE,FALSE
26000,14,0.150772838,55149.929,1,TRUE,FALSE,FALSE,TRUE,FALSE
26000,40,0.358772475,75358.88106,1,FALSE,FALSE,FALSE,FALSE,TRUE
26000,40,0.16900086,57969.85581,1,TRUE,FALSE,FALSE,FALSE,TRUE
31000,14,0.291903191,87516.73761,1,FALSE,TRUE,FALSE,FALSE,FALSE
31000,14,0.226301292,86443.83471,1,TRUE,TRUE,FALSE,FALSE,FALSE
31000,13,0.278312691,64951.70228,1,FALSE,FALSE,TRUE,FALSE,FALSE
31000,13,0.225865998,59993.35674,1,TRUE,FALSE,TRUE,FALSE,FALSE
31000,43,0.238222925,54088.37268,1,FALSE,FALSE,TRUE,FALSE,FALSE
31000,43,0.114975218,37761.43712,1,TRUE,FALSE,TRUE,FALSE,FALSE
31000,6,0.252256112,45196.42714,1,FALSE,FALSE,TRUE,FALSE,FALSE
31000,6,0.150808211,33787.85781,1,TRUE,FALSE,TRUE,FALSE,FALSE
31000,14,0.172433052,47510.02828,1,FALSE,FALSE,FALSE,TRUE,FALSE
31000,14,0.160123263,53241.9429,1,TRUE,FALSE,FALSE,TRUE,FALSE
31000,40,0.372259019,65743.06932,1,FALSE,FALSE,FALSE,FALSE,TRUE
31000,40,0.177447438,53392.74159,1,TRUE,FALSE,FALSE,FALSE,TRUE
37000,14,0.306782143,81349.30391,1,FALSE,TRUE,FALSE,FALSE,FALSE
37000,14,0.238523858,80884.29177,1,TRUE,TRUE,FALSE,FALSE,FALSE
37000,13,0.290681879,58528.70074,1,FALSE,FALSE,TRUE,FALSE,FALSE
37000,13,0.236403235,54200.18652,1,TRUE,FALSE,TRUE,FALSE,FALSE
37000,43,0.249534226,47515.44672,1,FALSE,FALSE,TRUE,FALSE,FALSE
37000,43,0.121377377,35100.18933,1,TRUE,FALSE,TRUE,FALSE,FALSE
37000,6,0.261070614,40445.07305,1,FALSE,FALSE,TRUE,FALSE,FALSE
37000,6,0.156225656,31543.54294,1,TRUE,FALSE,TRUE,FALSE,FALSE
37000,14,0.180263351,43985.9452,1,FALSE,FALSE,FALSE,TRUE,FALSE
37000,14,0.169198871,50730.25043,1,TRUE,FALSE,FALSE,TRUE,FALSE
37000,40,0.386421203,56953.0216,1,FALSE,FALSE,FALSE,FALSE,TRUE
37000,40,0.18696956,49033.97055,1,TRUE,FALSE,FALSE,FALSE,TRUE
44000,14,0.323446349,75470.12316,1,FALSE,TRUE,FALSE,FALSE,FALSE
44000,14,0.252491974,75590.66768,1,TRUE,TRUE,FALSE,FALSE,FALSE
44000,13,0.304100293,52736.33683,1,FALSE,FALSE,TRUE,FALSE,FALSE
44000,13,0.248217984,49056.60053,1,TRUE,FALSE,TRUE,FALSE,FALSE
44000,43,0.261491408,41681.60041,1,FALSE,FALSE,TRUE,FALSE,FALSE
44000,43,0.128785334,32611.62014,1,TRUE,FALSE,TRUE,FALSE,FALSE
44000,6,0.270367081,36248.74045,1,FALSE,FALSE,TRUE,FALSE,FALSE
44000,6,0.162290438,29496.25876,1,TRUE,FALSE,TRUE,FALSE,FALSE
44000,14,0.188936415,40726.64876,1,FALSE,FALSE,FALSE,TRUE,FALSE
44000,14,0.179515266,48281.93927,1,TRUE,FALSE,FALSE,TRUE,FALSE
44000,40,0.400999853,49296.94264,1,FALSE,FALSE,FALSE,FALSE,TRUE
44000,40,0.197773243,44881.78561,1,TRUE,FALSE,FALSE,FALSE,TRUE
50000,14,0.337135024,71254.40602,1,FALSE,TRUE,FALSE,FALSE,FALSE
50000,14,0.264375426,71903.27113,1,TRUE,TRUE,FALSE,FALSE,FALSE
50000,13,0.314966568,48776.95106,1,FALSE,FALSE,TRUE,FALSE,FALSE
50000,13,0.2613517,46293.5973,1,TRUE,FALSE,TRUE,FALSE,FALSE
50000,43,0.270522809,37671.09591,1,FALSE,FALSE,TRUE,FALSE,FALSE
50000,43,0.134904634,30806.53132,1,TRUE,FALSE,TRUE,FALSE,FALSE
50000,6,0.277768619,33320.25255,1,FALSE,FALSE,TRUE,FALSE,FALSE
50000,6,0.167383764,27997.1058,1,TRUE,FALSE,TRUE,FALSE,FALSE
50000,14,0.196311553,38465.47186,1,FALSE,FALSE,FALSE,TRUE,FALSE
50000,14,0.186784951,45961.64235,1,TRUE,FALSE,FALSE,TRUE,FALSE
50000,40,0.411891012,44090.35323,1,FALSE,FALSE,FALSE,FALSE,TRUE
50000,40,0.206566114,42022.21666,1,TRUE,FALSE,FALSE,FALSE,TRUE
62000,14,0.363591481,64401.818,1,FALSE,TRUE,FALSE,FALSE,FALSE
62000,14,0.287297751,65805.39015,1,TRUE,TRUE,FALSE,FALSE,FALSE
62000,13,0.335265323,42762.60239,1,FALSE,FALSE,TRUE,FALSE,FALSE
62000,13,0.272193773,39195.62695,1,TRUE,FALSE,TRUE,FALSE,FALSE
62000,43,0.286421991,31694.03535,1,FALSE,FALSE,TRUE,FALSE,FALSE
62000,43,0.146676586,27812.65478,1,TRUE,FALSE,TRUE,FALSE,FALSE
62000,6,0.291167058,28842.77993,1,FALSE,FALSE,TRUE,FALSE,FALSE
62000,6,0.177294068,25586.22934,1,TRUE,FALSE,TRUE,FALSE,FALSE
62000,14,0.210123366,34784.71834,1,FALSE,FALSE,FALSE,TRUE,FALSE
62000,14,0.20074021,42066.52648,1,TRUE,FALSE,FALSE,TRUE,FALSE
62000,40,0.430472339,36369.79826,1,FALSE,FALSE,FALSE,FALSE,TRUE
62000,40,0.22323412,37390.99151,1,TRUE,FALSE,FALSE,FALSE,TRUE
74000,14,0.388560904,58974.54574,1,FALSE,TRUE,FALSE,FALSE,FALSE
74000,14,0.309524999,60961.89862,1,TRUE,TRUE,FALSE,FALSE,FALSE
74000,13,0.350903126,37578.77855,1,FALSE,FALSE,TRUE,FALSE,FALSE
74000,13,0.292724498,35739.29416,1,TRUE,FALSE,TRUE,FALSE,FALSE
74000,43,0.300025287,27339.55602,1,FALSE,FALSE,TRUE,FALSE,FALSE
74000,43,0.15785562,25423.81913,1,TRUE,FALSE,TRUE,FALSE,FALSE
74000,6,0.303001708,25473.22193,1,FALSE,FALSE,TRUE,FALSE,FALSE
74000,6,0.186982618,23648.94235,1,TRUE,FALSE,TRUE,FALSE,FALSE
74000,14,0.223313262,31912.76522,1,FALSE,FALSE,FALSE,TRUE,FALSE
74000,14,0.2159918,39546.66221,1,TRUE,FALSE,FALSE,TRUE,FALSE
74000,40,0.445951335,30893.8606,1,FALSE,FALSE,FALSE,FALSE,TRUE
74000,40,0.238860295,33758.44082,1,TRUE,FALSE,FALSE,FALSE,TRUE
89000,14,0.418022879,53511.59318,1,FALSE,TRUE,FALSE,FALSE,FALSE
89000,14,0.336935281,56012.27305,1,TRUE,TRUE,FALSE,FALSE,FALSE
89000,13,0.374038299,33844.73653,1,FALSE,FALSE,TRUE,FALSE,FALSE
89000,13,0.308109046,31158.01224,1,TRUE,FALSE,TRUE,FALSE,FALSE
89000,43,0.314699972,23318.92564,1,FALSE,FALSE,TRUE,FALSE,FALSE
89000,43,0.170968628,22976.27054,1,TRUE,FALSE,TRUE,FALSE,FALSE
89000,6,0.316213242,22278.38848,1,FALSE,FALSE,TRUE,FALSE,FALSE
89000,6,0.198432888,21666.33873,1,TRUE,FALSE,TRUE,FALSE,FALSE
89000,14,0.239104391,29031.08408,1,FALSE,FALSE,FALSE,TRUE,FALSE
89000,14,0.233644947,36797.28863,1,TRUE,FALSE,FALSE,TRUE,FALSE
89000,40,0.461971908,25983.3388,1,FALSE,FALSE,FALSE,FALSE,TRUE
89000,40,0.256877879,30125.78747,1,TRUE,FALSE,FALSE,FALSE,TRUE
105000,14,0.447984094,48816.12296,1,FALSE,TRUE,FALSE,FALSE,FALSE
105000,14,0.364948273,51594.2825,1,TRUE,TRUE,FALSE,FALSE,FALSE
105000,13,0.393118951,30156.39661,1,FALSE,FALSE,TRUE,FALSE,FALSE
105000,13,0.332752854,28609.81216,1,TRUE,FALSE,TRUE,FALSE,FALSE
105000,43,0.328236268,20141.74224,1,FALSE,FALSE,TRUE,FALSE,FALSE
105000,43,0.184156462,20869.76773,1,TRUE,FALSE,TRUE,FALSE,FALSE
105000,6,0.328717272,19695.21367,1,FALSE,FALSE,TRUE,FALSE,FALSE
105000,6,0.210147122,19936.17932,1,TRUE,FALSE,TRUE,FALSE,FALSE
105000,14,0.254962169,26551.97323,1,FALSE,FALSE,FALSE,TRUE,FALSE
105000,14,0.251403091,34070.99364,1,TRUE,FALSE,FALSE,TRUE,FALSE
105000,40,0.47637575,22193.29466,1,FALSE,FALSE,FALSE,FALSE,TRUE
105000,40,0.274804777,27023.46851,1,TRUE,FALSE,FALSE,FALSE,TRUE
126000,14,0.484949591,43820.04941,1,FALSE,TRUE,FALSE,FALSE,FALSE
126000,14,0.400468285,46778.87632,1,TRUE,TRUE,FALSE,FALSE,FALSE
126000,13,0.41357351,26237.43929,1,FALSE,FALSE,TRUE,FALSE,FALSE
126000,13,0.35253508,25041.82566,1,TRUE,FALSE,TRUE,FALSE,FALSE
126000,43,0.343481142,17064.52073,1,FALSE,FALSE,TRUE,FALSE,FALSE
126000,43,0.200325784,18628.8423,1,TRUE,FALSE,TRUE,FALSE,FALSE
126000,6,0.343240608,17117.36033,1,FALSE,FALSE,TRUE,FALSE,FALSE
126000,6,0.224762754,18068.47756,1,TRUE,FALSE,TRUE,FALSE,FALSE
126000,14,0.274730376,23906.5889,1,FALSE,FALSE,FALSE,TRUE,FALSE
126000,14,0.273503589,30889.41856,1,TRUE,FALSE,FALSE,TRUE,FALSE
126000,40,0.492339338,18627.06334,1,FALSE,FALSE,FALSE,FALSE,TRUE
126000,40,0.29626385,23778.84612,1,TRUE,FALSE,FALSE,FALSE,TRUE
150000,14,0.524372333,39251.71802,1,FALSE,TRUE,FALSE,FALSE,FALSE
150000,14,0.439237769,42245.06578,1,TRUE,TRUE,FALSE,FALSE,FALSE
150000,13,0.433520729,22829.43987,1,FALSE,FALSE,TRUE,FALSE,FALSE
150000,13,0.37335057,21943.65032,1,TRUE,FALSE,TRUE,FALSE,FALSE
150000,43,0.35824294,14493.69418,1,FALSE,FALSE,TRUE,FALSE,FALSE
150000,43,0.217414766,16562.43163,1,TRUE,FALSE,TRUE,FALSE,FALSE
150000,6,0.357775426,14887.75472,1,FALSE,FALSE,TRUE,FALSE,FALSE
150000,6,0.2404377,16323.21058,1,TRUE,FALSE,TRUE,FALSE,FALSE
150000,14,0.296036665,21474.97458,1,FALSE,FALSE,FALSE,TRUE,FALSE
150000,14,0.297862608,27833.78599,1,TRUE,FALSE,FALSE,TRUE,FALSE
150000,40,0.507727663,15713.17843,1,FALSE,FALSE,FALSE,FALSE,TRUE
150000,40,0.318479286,20853.5838,1,TRUE,FALSE,FALSE,FALSE,TRUE
178000,14,0.567198518,34924.28117,1,FALSE,TRUE,FALSE,FALSE,FALSE
178000,14,0.481721094,37869.07423,1,TRUE,TRUE,FALSE,FALSE,FALSE
178000,13,0.453324045,19856.98182,1,FALSE,FALSE,TRUE,FALSE,FALSE
178000,13,0.393564821,19142.00274,1,TRUE,FALSE,TRUE,FALSE,FALSE
178000,43,0.37292224,12287.11289,1,FALSE,FALSE,TRUE,FALSE,FALSE
178000,43,0.235561165,14627.6735,1,TRUE,FALSE,TRUE,FALSE,FALSE
178000,6,0.372564719,12924.62121,1,FALSE,FALSE,TRUE,FALSE,FALSE
178000,6,0.257409073,14661.67279,1,TRUE,FALSE,TRUE,FALSE,FALSE
178000,14,0.31920012,19163.06662,1,FALSE,FALSE,FALSE,TRUE,FALSE
178000,14,0.324468806,24865.17388,1,TRUE,FALSE,FALSE,TRUE,FALSE
178000,40,0.522850466,13260.0297,1,FALSE,FALSE,FALSE,FALSE,TRUE
178000,40,0.341569456,18158.61832,1,TRUE,FALSE,FALSE,FALSE,TRUE
212000,14,0.61490224,30668.7281,1,FALSE,TRUE,FALSE,FALSE,FALSE
212000,14,0.529378607,33509.13854,1,TRUE,TRUE,FALSE,FALSE,FALSE
212000,13,0.473496064,17159.90344,1,FALSE,FALSE,TRUE,FALSE,FALSE
212000,13,0.413611889,16575.19756,1,TRUE,FALSE,TRUE,FALSE,FALSE
212000,43,0.387937756,10328.64194,1,FALSE,FALSE,TRUE,FALSE,FALSE
212000,43,0.255451375,12754.49396,1,TRUE,FALSE,TRUE,FALSE,FALSE
212000,6,0.388087417,11135.19648,1,FALSE,FALSE,TRUE,FALSE,FALSE
212000,6,0.276355523,13017.34221,1,TRUE,FALSE,TRUE,FALSE,FALSE
212000,14,0.345005876,16887.70171,1,FALSE,FALSE,FALSE,TRUE,FALSE
212000,14,0.354319475,21971.07156,1,TRUE,FALSE,FALSE,TRUE,FALSE
212000,40,0.538470063,11127.78488,1,FALSE,FALSE,FALSE,FALSE,TRUE
212000,40,0.366222466,15605.42502,1,TRUE,FALSE,FALSE,FALSE,TRUE
253000,14,0.666481956,26579.69586,1,FALSE,TRUE,FALSE,FALSE,FALSE
253000,14,0.581360334,29267.94444,1,TRUE,TRUE,FALSE,FALSE,FALSE
253000,13,0.493324843,14757.74272,1,FALSE,FALSE,TRUE,FALSE,FALSE
253000,13,0.433926654,14278.69441,1,TRUE,FALSE,TRUE,FALSE,FALSE
253000,43,0.403083551,8619.037226,1,FALSE,FALSE,TRUE,FALSE,FALSE
253000,43,0.276585776,10979.24209,1,TRUE,FALSE,TRUE,FALSE,FALSE
253000,6,0.404062626,9530.972876,1,FALSE,FALSE,TRUE,FALSE,FALSE
253000,6,0.296924379,11435.36535,1,TRUE,FALSE,TRUE,FALSE,FALSE
253000,14,0.373015913,14689.40043,1,FALSE,FALSE,FALSE,TRUE,FALSE
253000,14,0.387203788,19155.70325,1,TRUE,FALSE,FALSE,TRUE,FALSE
253000,40,0.553917667,9281.664473,1,FALSE,FALSE,FALSE,FALSE,TRUE
253000,40,0.391603067,13237.04249,1,TRUE,FALSE,FALSE,FALSE,TRUE
302000,14,0.720718301,22713.73017,1,FALSE,TRUE,FALSE,FALSE,FALSE
302000,14,0.635872678,25233.22229,1,TRUE,TRUE,FALSE,FALSE,FALSE
302000,13,0.512115232,12650.99458,1,FALSE,FALSE,TRUE,FALSE,FALSE
302000,13,0.453651684,12262.71505,1,TRUE,FALSE,TRUE,FALSE,FALSE
302000,43,0.417897947,7151.379012,1,FALSE,FALSE,TRUE,FALSE,FALSE
302000,43,0.298311967,9331.393106,1,TRUE,FALSE,TRUE,FALSE,FALSE
302000,6,0.42010156,8117.290184,1,FALSE,FALSE,TRUE,FALSE,FALSE
302000,6,0.318606775,9939.175001,1,TRUE,FALSE,TRUE,FALSE,FALSE
302000,14,0.402569824,12601.25949,1,FALSE,FALSE,FALSE,TRUE,FALSE
302000,14,0.422679611,16389.18686,1,TRUE,FALSE,FALSE,TRUE,FALSE
302000,40,0.569188674,7716.773795,1,FALSE,FALSE,FALSE,FALSE,TRUE
302000,40,0.417119344,11098.78036,1,TRUE,FALSE,FALSE,FALSE,TRUE
359000,14,0.774435654,19227.54321,1,FALSE,TRUE,FALSE,FALSE,FALSE
359000,14,0.689928541,21566.8469,1,TRUE,TRUE,FALSE,FALSE,FALSE
359000,13,0.529055651,10870.77799,1,FALSE,FALSE,TRUE,FALSE,FALSE
359000,13,0.472214076,10545.11955,1,TRUE,FALSE,TRUE,FALSE,FALSE
359000,43,0.431944527,5931.010035,1,FALSE,FALSE,TRUE,FALSE,FALSE
359000,43,0.319735214,7870.928724,1,TRUE,FALSE,TRUE,FALSE,FALSE
359000,6,0.43568675,6919.580025,1,FALSE,FALSE,TRUE,FALSE,FALSE
359000,6,0.340414463,8584.648952,1,TRUE,FALSE,TRUE,FALSE,FALSE
359000,14,0.431758651,10710.0872,1,FALSE,FALSE,FALSE,TRUE,FALSE
359000,14,0.464833939,13492.61873,1,TRUE,FALSE,FALSE,TRUE,FALSE
359000,40,0.583637617,6425.809644,1,FALSE,FALSE,FALSE,FALSE,TRUE
359000,40,0.441446279,9250.588162,1,TRUE,FALSE,FALSE,FALSE,TRUE
428000,14,0.828481795,16011.94446,1,FALSE,TRUE,FALSE,FALSE,FALSE
428000,14,0.744057221,18161.80421,1,TRUE,TRUE,FALSE,FALSE,FALSE
428000,13,0.544158428,9311.854479,1,FALSE,FALSE,TRUE,FALSE,FALSE
428000,13,0.488569618,9017.878324,1,TRUE,FALSE,TRUE,FALSE,FALSE
428000,43,0.445500953,4885.023181,1,FALSE,FALSE,TRUE,FALSE,FALSE
428000,43,0.341031168,6540.527757,1,TRUE,FALSE,TRUE,FALSE,FALSE
428000,6,0.451064215,5864.456691,1,FALSE,FALSE,TRUE,FALSE,FALSE
428000,6,0.362768035,7328.264149,1,TRUE,FALSE,TRUE,FALSE,FALSE
428000,14,0.461259339,8963.440957,1,FALSE,FALSE,FALSE,TRUE,FALSE
428000,14,0.499619465,11184.91104,1,TRUE,FALSE,FALSE,TRUE,FALSE
428000,40,0.597633939,5323.802753,1,FALSE,FALSE,FALSE,FALSE,TRUE
428000,40,0.465081524,7615.212741,1,TRUE,FALSE,FALSE,FALSE,TRUE
510000,14,0.880556746,13169.21397,1,FALSE,TRUE,FALSE,FALSE,FALSE
510000,14,0.798182207,15240.65103,1,TRUE,TRUE,FALSE,FALSE,FALSE
510000,13,0.556495766,7987.934762,1,FALSE,FALSE,TRUE,FALSE,FALSE
510000,13,0.502856377,7715.759984,1,TRUE,FALSE,TRUE,FALSE,FALSE
510000,43,0.458153555,4018.392313,1,FALSE,FALSE,TRUE,FALSE,FALSE
510000,43,0.361345011,5383.702643,1,TRUE,FALSE,TRUE,FALSE,FALSE
510000,6,0.465905706,4972.98767,1,FALSE,FALSE,TRUE,FALSE,FALSE
510000,6,0.38566114,6219.783458,1,TRUE,FALSE,TRUE,FALSE,FALSE
510000,14,0.489523406,7413.867797,1,FALSE,FALSE,FALSE,TRUE,FALSE
510000,14,0.526431098,9303.613602,1,TRUE,FALSE,FALSE,TRUE,FALSE
510000,40,0.61076456,4410.787109,1,FALSE,FALSE,FALSE,FALSE,TRUE
510000,40,0.487016005,6223.187415,1,TRUE,FALSE,FALSE,FALSE,TRUE
607000,14,0.928740889,10730.23089,1,FALSE,TRUE,FALSE,FALSE,FALSE
607000,14,0.843579336,12652.26041,1,TRUE,TRUE,FALSE,FALSE,FALSE
607000,13,0.565697726,6858.761318,1,FALSE,FALSE,TRUE,FALSE,FALSE
607000,13,0.513931468,6612.601051,1,TRUE,FALSE,TRUE,FALSE,FALSE
607000,43,0.469769209,3308.621559,1,FALSE,FALSE,TRUE,FALSE,FALSE
607000,43,0.380139222,4396.988461,1,TRUE,FALSE,TRUE,FALSE,FALSE
607000,6,0.480304777,4218.681247,1,FALSE,FALSE,TRUE,FALSE,FALSE
607000,6,0.405716476,5231.64356,1,TRUE,FALSE,TRUE,FALSE,FALSE
607000,14,0.515632536,6087.992318,1,FALSE,FALSE,FALSE,TRUE,FALSE
607000,14,0.549444672,7565.021084,1,TRUE,FALSE,FALSE,TRUE,FALSE
607000,40,0.622799031,3669.494288,1,FALSE,FALSE,FALSE,FALSE,TRUE
607000,40,0.50730798,5078.459165,1,TRUE,FALSE,FALSE,FALSE,TRUE
724000,14,0.973527785,8660.586423,1,FALSE,TRUE,FALSE,FALSE,FALSE
724000,14,0.887501128,10504.97611,1,TRUE,TRUE,FALSE,FALSE,FALSE
724000,13,0.571171258,5896.82328,1,FALSE,FALSE,TRUE,FALSE,FALSE
724000,13,0.521353238,5652.211462,1,TRUE,FALSE,TRUE,FALSE,FALSE
724000,43,0.48048104,2726.839049,1,FALSE,FALSE,TRUE,FALSE,FALSE
724000,43,0.397414202,3562.523022,1,TRUE,FALSE,TRUE,FALSE,FALSE
724000,6,0.493460613,3598.772218,1,FALSE,FALSE,TRUE,FALSE,FALSE
724000,6,0.42584482,4382.970508,1,TRUE,FALSE,TRUE,FALSE,FALSE
724000,14,0.539692855,4953.787157,1,FALSE,FALSE,FALSE,TRUE,FALSE
724000,14,0.56566469,6050.94156,1,TRUE,FALSE,FALSE,TRUE,FALSE
724000,40,0.634059899,3063.864524,1,FALSE,FALSE,FALSE,FALSE,TRUE
724000,40,0.524652893,4114.266845,1,TRUE,FALSE,FALSE,FALSE,TRUE
862000,14,1.013779476,6975.167205,1,FALSE,TRUE,FALSE,FALSE,FALSE
862000,14,0.927066307,8780.671833,1,TRUE,TRUE,FALSE,FALSE,FALSE
862000,13,0.572804537,5086.93053,1,FALSE,FALSE,TRUE,FALSE,FALSE
862000,13,0.524400194,4855.676784,1,TRUE,FALSE,TRUE,FALSE,FALSE
862000,43,0.490086711,2265.096399,1,FALSE,FALSE,TRUE,FALSE,FALSE
862000,43,0.412712703,2887.025882,1,TRUE,FALSE,TRUE,FALSE,FALSE
862000,6,0.506051861,3090.426663,1,FALSE,FALSE,TRUE,FALSE,FALSE
862000,6,0.444442824,3680.497957,1,TRUE,FALSE,TRUE,FALSE,FALSE
862000,14,0.560596999,4035.561431,1,FALSE,FALSE,FALSE,TRUE,FALSE
862000,14,0.581330418,4771.400402,1,TRUE,FALSE,FALSE,TRUE,FALSE
862000,40,0.644144594,2583.420857,1,FALSE,FALSE,FALSE,FALSE,TRUE
862000,40,0.540251564,3354.902517,1,TRUE,FALSE,FALSE,FALSE,TRUE
